"Dosen Toksikologi UNAIR Paparkan Toksisitas Etilen Glikol, Senyawa Kimia yang Diduga Penyebab Gagal Ginjal Akut pada Anak",25/10/2022
Dosen UNAIR Dorong Percepatan Kastrasi Jantan untuk Tekan Populasi Kucing Liar,21/10/2022
Pakar Hukum UNAIR: Gas Air Mata dan Kekerasan Langgar Etik Hingga Pidana,19/10/2022
Langkah Bijak Pilih Layanan Penitipan Hewan Kesayanganmu,18/10/2022
"Minuman Berpemanis dan Plastik Kena Cukai, Dosen UNAIR: Intervensi Hilir juga Perlu",17/10/2022
Pakar Toksikologi UNAIR Beberkan Sifat Dasar dan Efek Senyawa Kimia Gas Air Mata,17/10/2022
Psikolog UNAIR: Kenali Penanganan Post Trauma pada Korban Kanjuruhan,14/10/2022
Guru Besar Psikologi UNAIR Bahas Tips Sembuhkan Trauma Perselingkuhan,13/10/2022
Peningkatan Literasi Solusi Tragedi Kanjuruhan Tak Terulang Kembali,10/10/2022
Mengenal Emosi dan Social Identity Melalui Tragedi Kanjuruhan,10/10/2022
"Buat Konten Prank ke Kepolisian, Pakar Hukum UNAIR: Tindakan Tidak Menghormati Fungsi Hukum",10/10/2022
"Dugaan KDRT dan Perselingkuhan oleh Tokoh Publik, Pakar UNAIR: Persiapkan 9 Hal Sebelum Menikah",10/10/2022
Pakar Paru FK UNAIR: Gas Air Mata Bersifat Iritatif dan Inflamatif,10/10/2022
Benarkah Ayah Perokok Aktif Bisa Sebabkan Balita Bronkitis?,06/10/2022
"Pemerintah Batalkan Rencana Konversi LPG ke Kompor Listrik, Pakar UNAIR: Bukti Ketidakmatangan Kebijakan Publik",03/10/2022
"Tanggapi Menko Luhut, Pengamat Politik UNAIR: Tidak Ada Kaitannya dengan Etnis",03/10/2022
Pakar UNAIR Beri Analisis Pembatasan Pembelian dan Keluhan Pertalite Boros,30/09/2022
Dosen Ilmu Gizi UNAIR Berikan Tips Hindari Gula Berlebih pada Makanan Kemasan,30/09/2022
Mengulik Potensi dan Tantangan Penerapan Pajak Karbon di Indonesia,29/09/2022
Pakar Hukum Lingkungan UNAIR: Hukum Kita Masih Belum Berwawasan Lingkungan,29/09/2022
"Banggar DPR RI Usulkan Daya Listrik 450 VA Dihapus, Pakar UNAIR: Tidak Pro Rakyat",22/09/2022
"Cilegon Menolak Pembangunan Gereja, Pakar HAM UNAIR Berikan Catatan",21/09/2022
Simak Penjelasan Persiapan Pernikahan Ditinjau dari Segi Kesehatan Reproduksi,20/09/2022
Pernikahan Dini Tingkatkan Potensi Kanker Serviks Lebih Besar. Benarkah?,20/09/2022
Pemerintah Mengatur Usia Warganya untuk Menikah. Apa Alasannya?,20/09/2022
"Kasus Santri Gontor, Pakar Hukum Pidana: Perjanjiannya Batal Demi Hukum",19/09/2022
"Enam Bulan Berperang, Pengamat UNAIR Sebut Rusia Mendapat Sanksi dan Kecaman",19/09/2022
Dosen UNAIR Bahas Dua Sisi Quiet Quitting yang Sedang Digemari Anak Muda,16/09/2022
Peternak Ayam Petelur Perlu Memaksimalkan Tanggung Jawab Kesejahteraan Kandang,16/09/2022
"Calon Anggota DPR 2024 Tidak Wajib Punya SKCK, Ini Kata Dosen UNAIR",15/09/2022
"Harga BBM Melonjak, Pakar Sosiologi UNAIR: Akan ada Orang Miskin Baru",13/09/2022
"Indonesia Bebas HIV 2030, Pakar UNAIR: Kenali Penularannya",12/09/2022
"Harga BBM Naik, Ekonom UNAIR: Ujung-ujungnya Konsumen yang Kena",12/09/2022
"Salurkan BLT BBM, Pakar Ekonomi UNAIR: Itu Belum Cukup",12/09/2022
"Masa Jabatan Habis di 2022, Pakar Politik UNAIR: Anies Bukan Orang Partai",07/09/2022
Dosen FK UNAIR Beberkan Cara Pencegahan Hepatitis,06/09/2022
"Upaya Tutupi Kebenaran dalam Kasus Brigadir J, Pakar Hukum UNAIR: Masuk Penistaan Hukum",31/08/2022
Dosen UNAIR Nilai Momen Farel Prayoga Menunjukkan Adanya Pergeseran Selera Musik,25/08/2022
"Kasus Pencurian Mariana Vs Pegawai Alfamart Diduga Akibat Kleptomania, Pakar Psikologi UNAIR Beri Penjelasan",19/08/2022
"Kasus Mariana Vs Pegawai Alfamart, Pakar Hukum UNAIR Edukasi Tentang Restorative Justice dan Citizen Journalist",19/08/2022
"Dosen HI UNAIR: Ketegangan Cina-Taiwan Bukanlah Krisis, Ini Hanya Status Quo",18/08/2022
"Kemenhub Naikkan Tarif Ojol, Ekonom UNAIR: Efek Kenaikan BBM",14/08/2022
Kayu Secang Berpotensi Pertahankan Berat Hidup dan Karkas Akhir Kelinci saat alami Heat Stress,10/08/2022
"Kasus Perundungan di Tasikmalaya, Pakar UNAIR: Peran Lingkungan Sangat Penting",08/08/2022
"Pakar Pariwisata UNAIR: Likupang Tourism Festival, Event Luar Biasa Menuju Bangkitnya Pariwisata Indonesia",08/08/2022
"Citayam Fashion Week, Gubes HKI UNAIR : The Power of Netizen Lebih Cepat dari Prosedur Hukum",06/08/2022
"Soal CFW dan HKI, Gubes UNAIR: Perlindungan demi Perkembangan Industri Kreatif",05/08/2022
"Menyoal Timbunan Bansos Presiden, Ahli UNAIR: Masih Perlu Didalami",04/08/2022
"Menyoal Kasus Meme Stupa Candi, Pakar UNAIR: Tindakan Itu Kurang Etis",02/08/2022
"MK Tolak Uji Materiil Ganja Medis, Pakar Hukum Islam UNAIR: Masih Banyak Jalan",30/07/2022
"Klaim Pendidikan Seksual dalam Konten Media Sosial, Dosen Ilmu Komunikasi UNAIR: Bukan Kegiatan Seksual dengan Tanggung Jawab",30/07/2022
"Bahaya Toxic Relationship, Dosen Psikologi UNAIR: Power dan Kontrol Menjadi Awal Mula Hubungan Tidak Sehat",29/07/2022
Apakah Pink Tide Kembali Muncul di Wilayah Amerika Latin? Berikut Papar Pakar UNAIR,29/07/2022
Pakar Psikologi UNAIR Ungkap Peran Ibu dalam Perkembangan Bahasa Anak,29/07/2022
"Cacar Monyet Darurat Kesehatan Global, Pakar UNAIR: Harus Waspada, Tapi Tidak Perlu Panik",29/07/2022
"Menyoal Anak Muda yang Berpikir Kritis, Dosen Filsafat UNAIR: Harus Kita Apresiasi",27/07/2022
Pakar UNAIR Tanggapi Co-Firing Biomassa untuk PLTU,26/07/2022
Pakar UNAIR Paparkan Perlindungan Hukum Korban dan Saksi dalam Kasus Pencabulan,26/07/2022
Pakar UNAIR: Lingkungan Berperan Bantu Turunkan Angka Ibu Bunuh Anak Kandung,22/07/2022
RUU KIA Dapat Jadi Salah Satu Cara Atasi Baby Blues,22/07/2022
Dosen Psikologi UNAIR Beberkan Cara Menjaga Keutuhan Keluarga,22/07/2022
Psikolog UNAIR: Mencintai Dua Orang dalam Satu Waktu Bukan Hal yang Tidak Mungkin,22/07/2022
"Terancam Resesi, Pakar Ekonomi UNAIR Beri Saran untuk Pemerintah Indonesia",22/07/2022
Pakar UNAIR Soal Citayam Fashion Week : Tunjukkan Eksistensi Diri dalam Gaya Busana,19/07/2022
"Kerusuhan di Babarsari, Pakar UNAIR Paparkan Antisipasi Pencegahan",19/07/2022
Psikolog UNAIR: Edukasi Pra-Nikah Penting untuk Cegah Pembunuhan Anak Kandung,18/07/2022
Akademisi UNAIR: Krisis Ekonomi Sri Lanka Karena Kombinasi Berbagai Faktor,15/07/2022
Kenali Beda Ganja Medis dan Ganja Rekreasional,14/07/2022
"Miliki Banyak Manfaat, Dokter FK UNAIR Sarankan Hal Ini Sebelum Legalisasi Ganja",13/07/2022
"Dolar tembus Rp 15.000, Pakar Ekonomi UNAIR: Masyarakat Tidak Perlu Panik",13/07/2022
"Kontroversi ACT, Pakar Ekonomi Islam UNAIR: Lembaga Publik Harus Transparan",12/07/2022
"Dosen FKH UNAIR: Jika Semua Taman Nasional Dibatasi, Perlu Sesuaikan Faktor Lingkungan",11/07/2022
"Vaksin Booster Jadi Syarat Mobilitas Warga, Begini Kata Epidemiolog UNAIR",11/07/2022
Ahli Gizi UNAIR: Residu Pestisida di Mie Instan Sangat Rendah,11/07/2022
Tips Aman Bagikan Daging Kurban,09/07/2022
Pantau Kelayakan Hewan Kurban Lewat Pemeriksaan Antemortem-Postmortem,09/07/2022
Ahli Gizi UNAIR Bagi 4 Tips Atasi Kolesterol Tinggi Saat Iduladha,09/07/2022
Permintaan dan Penawaran Tidak Sebanding Jadi Penyebab Kenaikan Harga Rumah di Indonesia,08/07/2022
Ekonom UNAIR Sebut 2 Dampak Kenaikan Harga Minyak di Indonesia,08/07/2022
"Dugaan Penyelewengan Dana oleh ACT, Pakar Hukum UNAIR Paparkan Pengaturan Hingga Sanksi Pidananya",07/07/2022
"Bahas Ngeri-Ngeri Sedap, Pakar UNAIR: Film Medium yang Tepat untuk Mempelajari Budaya Orang Lain",07/07/2022
Pakar Kajian Sinema UNAIR Beberkan Faktor Keberhasilan Film Ngeri-Ngeri Sedap,07/07/2022
"Serial Stranger Things Angkat Kemampuan Musik Redakan Stress, Begini Fakta Psikologinya?",06/07/2022
Ahli Hukum Islam UNAIR Soroti Isu Ganja Medis,04/07/2022
"Pakar UNAIR: Soal Tiket Naik di Taman Nasional Komodo, Pemerintah Harus Tegas dan Bijak",04/07/2022
Ekonom UNAIR : Kebijakan Lockdown di Berbagai Negara Menjadi Penyebab Kenaikan Inflasi AS,01/07/2022
Ekonom UNAIR Paparkan Dampak Inflasi AS pada Perekonomian Makro-Mikro Indonesia,01/07/2022
Akademisi UNAIR: Beli Minyak Goreng Pakai PeduliLindungi Langkah Tepat,30/06/2022
"Perihal RUU KIA, Pakar UNAIR: Pemerintah Tidak Boleh Lepas Tangan",30/06/2022
Dekan FKM UNAIR Optimis Perwali Mampu Tingkatkan KTR di Surabaya,30/06/2022
"Jokowi ke Rusia dan Ukraina, Pakar HI UNAIR: Itu Kepentingan Indonesia untuk G20",29/06/2022
"Berkendara Pakai Sandal Dilarang, Begini Kata Sosiolog UNAIR",24/06/2022
"Kemunculan Omicron BA.4 dan BA.5, Epidemiolog UNAIR: Prokes Masih Jadi Kunci",24/06/2022
"Jaga Pola Tidur Berkualitas, Hindari Obat Tidur",23/06/2022
Begadang Bisa Picu Berbagai Penyakit Hingga Kematian,23/06/2022
"Menerka Capres Pilihan Parpol, Begini Tanggapan Pakar Politik UNAIR",23/06/2022
Direktur CLeP FH UNAIR: Aktivitas Pertambangan di Blok Wabu Akan Semakin Meminggirkan Hak Masyarakat Adat,23/06/2022
Pakar UNAIR Paparkan Efek Wabah PMK Terhadap Harga Sapi Menjelang Iduladha,22/06/2022
"Beli BBM Bersubsidi Pakai Aplikasi, Pakar UNAIR: Ini Adalah Sebuah Keniscayaan",22/06/2022
Gubes Ilmu Politik UNAIR: Presidential Threshold Tidak Relevan Dipertahankan Pasca Pemilu Serentak,22/06/2022
Dosen Psikologi UNAIR Paparkan Penyebab Perilaku dan Cara Menangani Bullying pada Remaja,21/06/2022
Prof Bagong Jelaskan Subkultur Anak Berkaitan dengan Aksi Hadang Truk,20/06/2022
"Prioritaskan Hilirisasi Batubara sebagai EBT, Ketua Pusat Studi EBT FH UNAIR Berikan Catatan Kritis pada Pemerintah",20/06/2022
"Startup Lakukan PHK Massal, Ini Kata Pakar Hukum Ketenagakerjaan UNAIR",20/06/2022
"Bahasa Inggris Kuasai Pemilihan Puteri Indonesia 2022, Begini Tanggapan Dosen UNAIR",17/06/2022
Pakar Psikologi UNAIR Paparkan Alasan di Balik Aksi Hadang Truk Demi Konten,16/06/2022
"Justin Bieber Derita Ramsay Hunt Syndrome, Pakar UNAIR Beri Komentar",13/06/2022
"Tolak dan Pulangkan WNA, Dosen Hukum UNAIR : Wujud Kedaulatan Setiap Negara",10/06/2022
Ekonom UNAIR Paparkan 3 Dampak Angka Kelahiran Terus Menurun di Negara Maju,10/06/2022
Pakar UNAIR Analisis Aturan Resmi Penghapusan Tenaga Honorer,09/06/2022
Ekonom UNAIR Tanggapi Tren Angka Kelahiran yang Terus Menurun di Negara Maju,09/06/2022
Ekonom UNAIR Ungkap Dampak Penghapusan Kelas BPJS,08/06/2022
Pakar Hukum UNAIR Paparkan Alasan Penggantian Nama Sebuah Negara,08/06/2022
"Sanksi CPNS yang Mengundurkan Diri, Gubes UNAIR: Harus Ada Landasan Kuat",08/06/2022
"Banyak CPNS Mundur, Gubes UNAIR: Pemerintah Harus Adaptif",07/06/2022
Dosen Ilmu Politik UNAIR:  Anies-Puan Calon yang Mempunyai Peluang Besar,06/06/2022
Pakar Politik UNAIR: Dicari Capres yang Mampu Menjalankan Konstitusi,06/06/2022
Pakar Pariwisata UNAIR Ungkap Mitigasi Risiko Bencana Harus Disiapkan,03/06/2022
"PKS Usulkan Raffi Ahmad Capres 2024, Pakar UNAIR: Popularitas Tak Berbanding Lurus Elektabilitas",01/06/2022
Pakar Pariwisata UNAIR: Destinasi Wisata di Indonesia Harus Punya Mitigasi Risiko Bencana,01/06/2022
Dosen Pariwisata UNAIR: Jangan Sepelekan Imbauan Mitigasi Bencana di Tempat Wisata,01/06/2022
Epidemiolog UNAIR tentang Bahaya Virus Hendra : Lebih Mematikan dari Covid-19,31/05/2022
Pakar UNAIR Paparkan Alasan Politik di Balik Perang Rusia-Ukraina yang Masih Berlanjut,31/05/2022
"Mengenal Filsafat Stoikisme, Konsep Hidup yang Penting untuk Diterapkan",31/05/2022
"Soal Ancaman Wabah Virus Cacar Monyet, Begini Tanggapan Pakar UNAIR",30/05/2022
"Perang Rusia-Ukraina Tidak Kunjung Usai, Pakar Geostrategi UNAIR Paparkan Alasannya",28/05/2022
Dosen UNAIR: Film Jadi Media Potensial Populerkan Cerita Tradisional,28/05/2022
"Ditakutkan Jadi Pandemi, Virus Hendra Dapat Dicegah Sedari Dini",28/05/2022
Pakar UNAIR: Peluang Investasi Elon Musk di Indonesia Sangat Besar,28/05/2022
Dosen Kajian Sinema UNAIR Jelaskan Faktor Keberhasilan Film KKN di Desa Penari,27/05/2022
Epidemiolog UNAIR: Lepas Masker Sebaiknya Dibahasakan sebagai Anjuran,25/05/2022
Epidemiolog UNAIR: Kekebalan Tubuh Orang Indonesia Tergolong Tinggi,24/05/2022
Epidemiolog UNAIR Sebut Kebijakan Covid-19 Indonesia Membaik,24/05/2022
Epidemiolog UNAIR Ungkap Dua Alasan Aturan Tes Covid-19 untuk Pelaku Perjalanan Dicabut,23/05/2022
"Demo Buruh May Day 2022, Pakar Hukum UNAIR: Tuntutan Terkesan Politis",23/05/2022
Pakar Ulas PMK pada Sapi Berpotensi Menular ke Spesies Hewan Lain,20/05/2022
"Pakar UNAIR: Cegah Homoseksual, Orang Tua Mesti Aktif Bicara ke Anak",20/05/2022
Psikolog UNAIR: Homoseksual Bisa Muncul Bukan Karena Factor Psikologis Saja,19/05/2022
Pakar UNAIR Tanggapi Soal Rencana ASN Dapat Bekerja Dari Mana Saja,19/05/2022
Dosen UNAIR: Akuisisi Twitter Oleh Elon Musk Bisa Dominasi Ruang Digital,18/05/2022
"Hukum Lemah, Kekerasan Seksual Masih Menghantui Hewan",18/05/2022
Ahli UNAIR: Terbunuhnya Jurnalis Palestina Langgar Hukum Humaniter,17/05/2022
"Peluang Makin Terbuka, Begini Cara Berkarir di Bank Syariah",17/05/2022
"Cegah Penularan PMK, Peternak Harus Lakukan Isolasi dan Sterilisasi Kandang",13/05/2022
"Meski Sembuh dari PMK, Hewan Ternak Masih Menghasilkan Virus",12/05/2022
"Ramai Wabah PMK di Jatim, Prof Fedik: Segera Disinfeksi di Lingkungan Peternakan",12/05/2022
"Penyebab Hepatitis Akut Belum Diketahui, Dokter UNAIR Sarankan Tetap Waspada",12/05/2022
Pakar UNAIR: Hewan Terdampak Wabah PMK Aman Dikonsumsi,12/05/2022
Lima Tips Konsumsi Makanan Saat Lebaran Ala Pakar UNAIR,04/05/2022
Dosen UNAIR Sebut Konflik Israel dan Palestina Banyak Memuat Isu Krusial,03/05/2022
"Mengenal Sejarah Halalbihalal, Tradisi Lebaran Khas Indonesia",02/05/2022
Pakar UNAIR: Tradisi Lebaran Bukan Sekadar Kumpul Keluarga,02/05/2022
Sosiolog UNAIR Paparkan Akar Berbagai Tradisi Saat Lebaran,02/05/2022
Pakar UNAIR Ungkap Sisi Negatif Over Exposure di Media Sosial,30/04/2022
Tips Jaga Stamina Tubuh Tetap Fit saat Mudik,30/04/2022
Pakar UNAIR Nilai Perilaku Klitih Bukan Gangguan Kepribadian,30/04/2022
"Jasa Tukar Uang Menjamur, Pakar Ekonomi Islam UNAIR Beri Penjelasan",30/04/2022
Kenali Dua Langkah Bijak Mengelola Uang THR Menurut Pakar UNAIR,29/04/2022
"Konflik Israel-Palestina Masih Berlangsung, Dosen UNAIR Sebut 4 Alasannya",28/04/2022
"Pakar UNAIR: Bukan Melayu, Bahasa Indonesia Lebih Layak Jadi Bahasa Kedua ASEAN",28/04/2022
Pakar UNAIR: Sistem Pencatatan Plat Nomor Kendaraan yang Mengisi BBM Sangat Rumit,28/04/2022
Pakar UNAIR: Vaksinasi Jadi Angin Segar Turunkan Kanker Serviks di Indonesia,28/04/2022
"Bahas Cryptocurrency, Pakar Ekonomi Islam UNAIR Paparkan Perspektif Syariah",27/04/2022
Tips Bawa Hewan Peliharaan saat Mudik,25/04/2022
IKN Berpotensi Krisis Air Bersih? Ini Kata Pakar UNAIR,25/04/2022
Pentingnya Peran Perempuan dalam Sektor Perikanan dan Kelautan,25/04/2022
Pakar UNAIR Sebut Pasar Takjil Ramadan Dapat Tingkatkan Perekonomian Masyarakat,25/04/2022
"Menyoal Penarikan Tarif Rp1.000 Tiap Akses NIK, Pakar UNAIR: Perlu Transparansi yang Lebih Tinggi",22/04/2022
"Amerika Nilai PeduliLindungi Langgar HAM, Begini Tanggapan Pakar UNAIR",22/04/2022
Tiga Cara Mudah Mencegah Bau Mulut saat Puasa,22/04/2022
Menilik Keberadaan Ikan Iblis di Danau Toba yang Meresahkan Masyarakat,22/04/2022
"Tingginya Komoditas Pokok, Pakar UNAIR Sebut Pentingnya Koordinasi Antar Elemen",21/04/2022
Legenda Mbah Bungkul dan Sejarah Desa Islam di Surabaya,21/04/2022
Kebijakan Bantuan Subsidi Upah Dinilai Kurang Tepat,21/04/2022
"Puluhan Sapi Mati di Sampang, Pakar Ruminansia UNAIR Soroti 2 Faktor",20/04/2022
Pakar Hukum UNAIR Paparkan Indikasi Penipuan Berkedok Investasi,20/04/2022
"Ramai Soal Hapus Email Dapat Kurangi Emisi Karbon, Ini Kata Pakar UNAIR",19/04/2022
Pakar Komunikasi UNAIR Ungkap Indikasi Adanya Seksisme Pada Poster Demonstrasi Mahasiswa,19/04/2022
Pakar Industri Media UNAIR Nilai Perpindahan TV Analog Buka Banyak Peluang,19/04/2022
Pakar Hukum UNAIR Optimis UU TPKS Jadi Langkah Penting bagi Keadilan Penyintas,19/04/2022
Ekonom UNAIR Paparkan Strategi Jaga Stabilitas Harga BBM Subsidi,18/04/2022
Tips Kontrol Kolesterol saat Puasa dari Ahli Gizi UNAIR,18/04/2022
Ekonom UNAIR Ungkap Alasan Kenaikan Harga Menjelang Lebaran,18/04/2022
"Pancasila Jadi Mata Pelajaran, Pakar UNAIR Nilai Ada yang Lebih Penting",18/04/2022
Ekonom UNAIR Nilai Kenaikan BBM Subsidi Tidak Akan Terjadi Dalam Waktu Dekat,18/04/2022
Olahan Ikan Sehat Tanpa Digoreng untuk Konsumsi saat Berpuasa,14/04/2022
"Tanggapi Demo Mahasiswa, Pakar UNAIR: Mahasiswa sebagai Amplifikator Keresahan Publik",14/04/2022
Tarawih di Metaverse! Begini Penjelasan Pakar Komunikasi UNAIR,14/04/2022
Konsumsi Gorengan Berlebih Picu Tingginya Kolesterol,14/04/2022
"Presidensi Indonesia G20 sebagai Penengah Konflik Rusia-Ukraina, Pakar HI UNAIR: Saya Tidak Seoptimis Itu",13/04/2022
Penderita Diabetes Harus Memperhatikan Indeks Glikemik Makanan Saat Berpuasa,12/04/2022
Pakar UNAIR Sarankan Diet Tiga Satu Bagi Penderita Diabetes di Bulan Ramadan,12/04/2022
Lirik Lagu Ternyata Bisa Jadi Sumber Sejarah,11/04/2022
"PPN Naik, Pakar Perpajakan UNAIR: Ini Bentuk Counterbalance",11/04/2022
Pakar Budaya UNAIR Sebut Klaim Reog Ponorogo Adalah Refleksi Bagi Indonesia,11/04/2022
"Ketua MK Nikahi Adik Jokowi, Pakar HTN UNAIR: Harus Kembali ke Kode Etik Hakim Konstitusi",08/04/2022
Pakar HAM UNAIR: Kasus Haris-Fatia adalah SLAPP,08/04/2022
Tips Menu Sehat Buka Puasa dan Sahur Ala Pakar Gizi UNAIR,08/04/2022
Ahli Gizi UNAIR Bagikan Tips Agar Tubuh Tidak Lemas Selama Puasa,08/04/2022
Mengkritisi Film ala Dosen FIB Peraih Piala Citra,07/04/2022
Dokter Spesialis Kandungan UNAIR Sarankan Ibu Hamil Penuhi Asupan Nutrisi Selama Puasa,07/04/2022
Tips Menjalani Puasa dan Diet dengan Cara Aman,07/04/2022
Pakar UNAIR Nilai Maudy Ayunda Capable sebagai Juru Bicara Presidensi G20,06/04/2022
Mengenal Lebih Dekat Seputar Fenomena Pembohong Patologis,06/04/2022
"Atasi Gangguan Lambung saat Puasa, Berikut Penjelasan Dosen FK UNAIR",05/04/2022
Pakar UNAIR Jelaskan Kondisi Speech Delay pada Anak beserta Tips Pencegahannya,04/04/2022
"Muncul Fenomena Bahasa “Jaksel,” Begini Tanggapan Pakar UNAIR",31/03/2022
"Gastrodiplomasi di MotoGP, Dosen UNAIR: Masih Butuh Kolaborasi Lintas Sektor",31/03/2022
Pakar UNAIR: Urun Dana Rakyat untuk IKN Terlalu Utopis,31/03/2022
Pakar UNAIR Imbau Masyarakat Tidak Pelihara Satwa Liar,31/03/2022
Pakar UNAIR: Abnormalitas Otak Pasca Covid-19 Dapat Dikurangi dengan Terapi Dokter,30/03/2022
Bahaya Mana TBC atau Covid-19? Pakar UNAIR Berikan Jawaban!,29/03/2022
Ekonom UNAIR Beri Solusi Kenaikan Permintaan Barang Menjelang Lebaran,29/03/2022
"Crazy Rich Jadi Pelaku Penipuan, Dosen Ilkom UNAIR: Medsos Hanya Pesona Palsu",23/03/2022
"Sri Mulyani Buru Pajak Crazy Rich Indonesia, Pakar Hukum UNAIR: Sasaran Empuk",23/03/2022
"Tingkatkan Positioning dan Engagement, Brand Indonesia Klaim Ikuti Paris Fashion Week",23/03/2022
Pakar UNAIR Sebut 2 Keuntungan BSI menjadi Bank BUMN,23/03/2022
Pakar Kedokteran Hewan Beri Solusi Kenaikan Harga Daging Sapi,23/03/2022
"Mengenal Egg Freezing, Berikut Penjelasannya",20/03/2022
Antropolog UNAIR: Ritual Kendi Nusantara di IKN sebagai Perwujudan Tiga Simbol,18/03/2022
Antropolog UNAIR: Ritual Kendi Nusantara Bukan Persoalan Klenik,17/03/2022
Telisik Kondisi Transisi EBT di Indonesia dari Kacamata Pakar Hukum Energi UNAIR,15/03/2022
Epidemolog UNAIR: Penghapusan Tes Swab Lebih Baik Ditunda,14/03/2022
"Tren Pelanggar Didaulat Jadi Duta, Pakar: Perlu Ada Re-Orientasi Citra",24/06/2021
Ekstrak Tanaman Okra Berpotensi Membantu Keberhasilan Kemoterapi Kanker Hati,24/06/2021
Dosen FPK UNAIR Banyuwangi Ulas Beberapa Penyakit pada Ikan Cupang,21/06/2021
"Mengenal Tanda Tangan Elektronik, Amankah?",21/06/2021
Ekonom UNAIR Sebut Pajak Sembako Bisa Perlebar Disparitas Kemiskinan,21/06/2021
Ini yang Harus Diperhatikan Atlet Agar Tidak Kolaps Saat Berolahraga,16/06/2021
Simak Pertolongan Pertama pada Kolaps saat Olahraga,16/06/2021
"Atlet Tiba-tiba Tak Sadarkan Diri saat Olahraga, Ini Kata Pakar UNAIR",16/06/2021
Laser Punktur Tingkatkan Kuantitas dan Kualitas Telur Burung Puyuh,14/06/2021
Madu Hitam Efektif Mempercepat Penyembuhan Luka,11/06/2021
Peneliti ITD UNAIR Teliti Potensi Zingiberaceae Jadi Tanaman Obat Anti-HIV,10/06/2021
Tips Atasi Kecanduan Gadget pada Anak,30/04/2021
